<?xml version="1.0" encoding="UTF-8" ?>
<!DOCTYPE ldml SYSTEM "../../common/dtd/ldml.dtd">
<!-- Copyright © 1991-2013 Unicode, Inc.
CLDR data files are interpreted according to the LDML specification (http://unicode.org/reports/tr35/)
For terms of use, see http://www.unicode.org/copyright.html
-->
<ldml>
	<identity>
		<version number="$Revision: 9061 $"/>
		<generation date="$Date: 2013-07-20 12:27:45 -0500 (Sat, 20 Jul 2013) $"/>
		<language type="es"/>
		<territory type="PA"/>
	</identity>
	<dates>
		<calendars>
			<calendar type="generic">
				<dateFormats>
					<dateFormatLength type="medium">
						<dateFormat>
							<pattern>MM/dd/y G</pattern>
						</dateFormat>
					</dateFormatLength>
					<dateFormatLength type="short">
						<dateFormat>
							<pattern>MM/dd/yy GGGGG</pattern>
						</dateFormat>
					</dateFormatLength>
				</dateFormats>
				<dateTimeFormats>
					<availableFormats>
						<dateFormatItem id="Md">MM/dd</dateFormatItem>
						<dateFormatItem id="MEd">E, MM/dd</dateFormatItem>
						<dateFormatItem id="yM">MM/y</dateFormatItem>
						<dateFormatItem id="yMd">MM/dd/y</dateFormatItem>
						<dateFormatItem id="yMEd">E MM/dd/y</dateFormatItem>
					</availableFormats>
					<intervalFormats>
						<intervalFormatFallback draft="unconfirmed">{0} a el {1}</intervalFormatFallback>
						<intervalFormatItem id="d">
							<greatestDifference id="d" draft="unconfirmed">d-d</greatestDifference>
						</intervalFormatItem>
						<intervalFormatItem id="h">
							<greatestDifference id="h" draft="unconfirmed">h-h a</greatestDifference>
						</intervalFormatItem>
						<intervalFormatItem id="H">
							<greatestDifference id="H" draft="unconfirmed">HH-HH</greatestDifference>
						</intervalFormatItem>
						<intervalFormatItem id="hm">
							<greatestDifference id="h" draft="unconfirmed">h:mm-h:mm a</greatestDifference>
							<greatestDifference id="m" draft="unconfirmed">h:mm-h:mm a</greatestDifference>
						</intervalFormatItem>
						<intervalFormatItem id="Hm">
							<greatestDifference id="H" draft="unconfirmed">HH:mm-HH:mm</greatestDifference>
							<greatestDifference id="m" draft="unconfirmed">HH:mm-HH:mm</greatestDifference>
						</intervalFormatItem>
						<intervalFormatItem id="hmv">
							<greatestDifference id="h" draft="unconfirmed">h:mm-h:mm a v</greatestDifference>
							<greatestDifference id="m" draft="unconfirmed">h:mm-h:mm a v</greatestDifference>
						</intervalFormatItem>
						<intervalFormatItem id="Hmv">
							<greatestDifference id="H" draft="unconfirmed">HH:mm-HH:mm v</greatestDifference>
							<greatestDifference id="m" draft="unconfirmed">HH:mm-HH:mm v</greatestDifference>
						</intervalFormatItem>
						<intervalFormatItem id="hv">
							<greatestDifference id="h" draft="unconfirmed">h-h a v</greatestDifference>
						</intervalFormatItem>
						<intervalFormatItem id="Hv">
							<greatestDifference id="H" draft="unconfirmed">HH-HH v</greatestDifference>
						</intervalFormatItem>
						<intervalFormatItem id="M">
							<greatestDifference id="M" draft="unconfirmed">M-M</greatestDifference>
						</intervalFormatItem>
						<intervalFormatItem id="Md">
							<greatestDifference id="d" draft="unconfirmed">MM/dd - MM/dd</greatestDifference>
							<greatestDifference id="M" draft="unconfirmed">MM/dd - MM/dd</greatestDifference>
						</intervalFormatItem>
						<intervalFormatItem id="MEd">
							<greatestDifference id="d" draft="unconfirmed">E MM/dd - E MM/dd</greatestDifference>
							<greatestDifference id="M" draft="unconfirmed">E MM/dd - E MM/dd</greatestDifference>
						</intervalFormatItem>
						<intervalFormatItem id="MMM">
							<greatestDifference id="M" draft="unconfirmed">MMM-MMM</greatestDifference>
						</intervalFormatItem>
						<intervalFormatItem id="MMMd">
							<greatestDifference id="d" draft="unconfirmed">d-d 'de' MMM</greatestDifference>
							<greatestDifference id="M" draft="unconfirmed">d 'de' MMM 'al' d 'de' MMM</greatestDifference>
						</intervalFormatItem>
						<intervalFormatItem id="MMMEd">
							<greatestDifference id="d" draft="unconfirmed">E d 'al' E d 'de' MMM</greatestDifference>
							<greatestDifference id="M" draft="unconfirmed">E d 'de' MMM 'al' E d 'de' MMM</greatestDifference>
						</intervalFormatItem>
						<intervalFormatItem id="y">
							<greatestDifference id="y" draft="unconfirmed">y-y</greatestDifference>
						</intervalFormatItem>
						<intervalFormatItem id="yM">
							<greatestDifference id="M" draft="unconfirmed">MM/y - MM/y</greatestDifference>
							<greatestDifference id="y" draft="unconfirmed">MM/y - MM/y</greatestDifference>
						</intervalFormatItem>
						<intervalFormatItem id="yMd">
							<greatestDifference id="d" draft="unconfirmed">MM/dd/y - MM/dd/y</greatestDifference>
							<greatestDifference id="M" draft="unconfirmed">MM/dd/y - MM/dd/y</greatestDifference>
							<greatestDifference id="y" draft="unconfirmed">MM/dd/y - MM/dd/y</greatestDifference>
						</intervalFormatItem>
						<intervalFormatItem id="yMEd">
							<greatestDifference id="d" draft="unconfirmed">E MM/dd/y - E MM/dd/y</greatestDifference>
							<greatestDifference id="M" draft="unconfirmed">E MM/dd/y - E MM/dd/y</greatestDifference>
							<greatestDifference id="y" draft="unconfirmed">E MM/dd/y - E MM/dd/y</greatestDifference>
						</intervalFormatItem>
						<intervalFormatItem id="yMMM">
							<greatestDifference id="M" draft="unconfirmed">MMM-MMM 'de' y</greatestDifference>
							<greatestDifference id="y" draft="unconfirmed">MMM 'de' y 'a' MMM 'de' y</greatestDifference>
						</intervalFormatItem>
						<intervalFormatItem id="yMMMd">
							<greatestDifference id="d" draft="unconfirmed">d-d 'de' MMM 'de' y</greatestDifference>
							<greatestDifference id="M" draft="unconfirmed">d 'de' MMM 'al' d 'de' MMM 'de' y</greatestDifference>
							<greatestDifference id="y" draft="unconfirmed">d 'de' MMM 'de' y 'al' d 'de' MMM 'de' y</greatestDifference>
						</intervalFormatItem>
						<intervalFormatItem id="yMMMEd">
							<greatestDifference id="d" draft="unconfirmed">E d 'al' E d 'de' MMM 'de' y</greatestDifference>
							<greatestDifference id="M" draft="unconfirmed">E d 'de' MMM 'al' E d 'de' MMM 'de' y</greatestDifference>
							<greatestDifference id="y" draft="unconfirmed">E d 'de' MMM 'de' y 'al' E d 'de' MMM 'de' y</greatestDifference>
						</intervalFormatItem>
					</intervalFormats>
				</dateTimeFormats>
			</calendar>
			<calendar type="gregorian">
				<dateFormats>
					<dateFormatLength type="medium">
						<dateFormat>
							<pattern>MM/dd/y</pattern>
						</dateFormat>
					</dateFormatLength>
					<dateFormatLength type="short">
						<dateFormat>
							<pattern>MM/dd/yy</pattern>
						</dateFormat>
					</dateFormatLength>
				</dateFormats>
				<dateTimeFormats>
					<availableFormats>
						<dateFormatItem id="Md">MM/dd</dateFormatItem>
						<dateFormatItem id="MEd">E, MM/dd</dateFormatItem>
						<dateFormatItem id="yM">MM/y</dateFormatItem>
						<dateFormatItem id="yMd">MM/dd/y</dateFormatItem>
						<dateFormatItem id="yMEd">E MM/dd/y</dateFormatItem>
					</availableFormats>
					<intervalFormats>
						<intervalFormatFallback draft="unconfirmed">{0} a el {1}</intervalFormatFallback>
						<intervalFormatItem id="d">
							<greatestDifference id="d" draft="unconfirmed">d-d</greatestDifference>
						</intervalFormatItem>
						<intervalFormatItem id="h">
							<greatestDifference id="h" draft="unconfirmed">h-h a</greatestDifference>
						</intervalFormatItem>
						<intervalFormatItem id="H">
							<greatestDifference id="H" draft="unconfirmed">HH-HH</greatestDifference>
						</intervalFormatItem>
						<intervalFormatItem id="hm">
							<greatestDifference id="h" draft="unconfirmed">h:mm-h:mm a</greatestDifference>
							<greatestDifference id="m" draft="unconfirmed">h:mm-h:mm a</greatestDifference>
						</intervalFormatItem>
						<intervalFormatItem id="Hm">
							<greatestDifference id="H" draft="unconfirmed">HH:mm-HH:mm</greatestDifference>
							<greatestDifference id="m" draft="unconfirmed">HH:mm-HH:mm</greatestDifference>
						</intervalFormatItem>
						<intervalFormatItem id="hmv">
							<greatestDifference id="h" draft="unconfirmed">h:mm-h:mm a v</greatestDifference>
							<greatestDifference id="m" draft="unconfirmed">h:mm-h:mm a v</greatestDifference>
						</intervalFormatItem>
						<intervalFormatItem id="Hmv">
							<greatestDifference id="H" draft="unconfirmed">HH:mm-HH:mm v</greatestDifference>
							<greatestDifference id="m" draft="unconfirmed">HH:mm-HH:mm v</greatestDifference>
						</intervalFormatItem>
						<intervalFormatItem id="hv">
							<greatestDifference id="h" draft="unconfirmed">h-h a v</greatestDifference>
						</intervalFormatItem>
						<intervalFormatItem id="Hv">
							<greatestDifference id="H" draft="unconfirmed">HH-HH v</greatestDifference>
						</intervalFormatItem>
						<intervalFormatItem id="M">
							<greatestDifference id="M" draft="unconfirmed">M-M</greatestDifference>
						</intervalFormatItem>
						<intervalFormatItem id="Md">
							<greatestDifference id="d" draft="unconfirmed">MM/dd - MM/dd</greatestDifference>
							<greatestDifference id="M" draft="unconfirmed">MM/dd - MM/dd</greatestDifference>
						</intervalFormatItem>
						<intervalFormatItem id="MEd">
							<greatestDifference id="d" draft="unconfirmed">E MM/dd - E MM/dd</greatestDifference>
							<greatestDifference id="M" draft="unconfirmed">E MM/dd - E MM/dd</greatestDifference>
						</intervalFormatItem>
						<intervalFormatItem id="MMM">
							<greatestDifference id="M" draft="unconfirmed">MMM-MMM</greatestDifference>
						</intervalFormatItem>
						<intervalFormatItem id="MMMd">
							<greatestDifference id="d" draft="unconfirmed">d-d 'de' MMM</greatestDifference>
							<greatestDifference id="M" draft="unconfirmed">d 'de' MMM 'al' d 'de' MMM</greatestDifference>
						</intervalFormatItem>
						<intervalFormatItem id="MMMEd">
							<greatestDifference id="d" draft="unconfirmed">E d 'al' E d 'de' MMM</greatestDifference>
							<greatestDifference id="M" draft="unconfirmed">E d 'de' MMM 'al' E d 'de' MMM</greatestDifference>
						</intervalFormatItem>
						<intervalFormatItem id="y">
							<greatestDifference id="y" draft="unconfirmed">y-y</greatestDifference>
						</intervalFormatItem>
						<intervalFormatItem id="yM">
							<greatestDifference id="M" draft="unconfirmed">MM/y - MM/y</greatestDifference>
							<greatestDifference id="y" draft="unconfirmed">MM/y - MM/y</greatestDifference>
						</intervalFormatItem>
						<intervalFormatItem id="yMd">
							<greatestDifference id="d" draft="unconfirmed">MM/dd/y - MM/dd/y</greatestDifference>
							<greatestDifference id="M" draft="unconfirmed">MM/dd/y - MM/dd/y</greatestDifference>
							<greatestDifference id="y" draft="unconfirmed">MM/dd/y - MM/dd/y</greatestDifference>
						</intervalFormatItem>
						<intervalFormatItem id="yMEd">
							<greatestDifference id="d" draft="unconfirmed">E MM/dd/y - E MM/dd/y</greatestDifference>
							<greatestDifference id="M" draft="unconfirmed">E MM/dd/y - E MM/dd/y</greatestDifference>
							<greatestDifference id="y" draft="unconfirmed">E MM/dd/y - E MM/dd/y</greatestDifference>
						</intervalFormatItem>
						<intervalFormatItem id="yMMM">
							<greatestDifference id="M" draft="unconfirmed">MMM-MMM 'de' y</greatestDifference>
							<greatestDifference id="y" draft="unconfirmed">MMM 'de' y 'a' MMM 'de' y</greatestDifference>
						</intervalFormatItem>
						<intervalFormatItem id="yMMMd">
							<greatestDifference id="d" draft="unconfirmed">d-d 'de' MMM 'de' y</greatestDifference>
							<greatestDifference id="M" draft="unconfirmed">d 'de' MMM 'al' d 'de' MMM 'de' y</greatestDifference>
							<greatestDifference id="y" draft="unconfirmed">d 'de' MMM 'de' y 'al' d 'de' MMM 'de' y</greatestDifference>
						</intervalFormatItem>
						<intervalFormatItem id="yMMMEd">
							<greatestDifference id="d" draft="unconfirmed">E d 'al' E d 'de' MMM 'de' y</greatestDifference>
							<greatestDifference id="M" draft="unconfirmed">E d 'de' MMM 'al' E d 'de' MMM 'de' y</greatestDifference>
							<greatestDifference id="y" draft="unconfirmed">E d 'de' MMM 'de' y 'al' E d 'de' MMM 'de' y</greatestDifference>
						</intervalFormatItem>
					</intervalFormats>
				</dateTimeFormats>
			</calendar>
		</calendars>
	</dates>
	<numbers>
		<currencies>
			<currency type="PAB">
				<symbol>B/.</symbol>
			</currency>
		</currencies>
	</numbers>
</ldml>
